modeltype,version,modelname,mainboard,devtime,pm,structconfig,lcd,touchpanel,iointerface,ledind,powerbutton,keyboard,webcamera,touchpad,fingerprint,audio,battery,cpu,gpu,memory,lcdconnector,storage,wifislot,thermal,tpm,rtc,wireless,lan,bluetooth,softwareconfig,ai,accessory,certifications,otherfeatures
Gaming Notebook,v1.1,AG958,v3.0,2022/09/30,Jerry,"v1.1
  - AG958V: v1.0
  - AG958P: v1.0
  - APX958: v1.0
  - AHP958: v1.0

[Model Information]

- Model Names:
  - AG958
  - AG958V
  - AG958P
  - APX958
  - AHP958

- Part Numbers (P/N)","15.6"" 16:9 / 16.1"" 16:9, FHD/QHD, 144Hz",Not supported,"USB 3.2/4.0, HDMI 2.1, 3.5mm Audio, DC-IN, RJ45","Power: Blue, Battery: Red/Green, Webcam: White",Separated key,Single color/4-Zone RGB/Per-key RGB,"2.0MP (1080P), MIC×2, White LED, Camera shutter","I2C, 8-pin, Multi-touch, 119×74 mm","USB, Security Level 2-3, Windows Hello","4 × Built-in speakers, 2 × Digital mic","80.08 Wh, 15.4V / 5200mAh, 4S1P","Ryzen™ 5 6600H (6C/12T, 4.5GHz/3.3GHz, TDP: 45W), Ryzen™ 7 6800H (8C/16T, 4.7GHz/3.2GHz, TDP: 45W), Ryzen™ 5 7535HS (6C/12T, 4.55GHz/3.3GHz, TDP: 35W~54W), Ryzen™ 7 7735HS (8C/16T, 4.75GHz/3.2GHz, TDP: 35W~54W), Ryzen™ 5 7640HS (6C/12T, 5.0GHz/4.3GHz, TDP: 35W~54W), Ryzen™ 7 7840HS (8C/16T, 5.1GHz/3.8GHz, TDP: 35W~54W), Ryzen™ 5 8645HS (8C/16T, 5.2GHz/4.0GHz, TDP: 35W~54W), Ryzen™ 7 8845HS (8C/16T, 5.1GHz/3.8GHz, TDP: 35W~54W)","AMD Radeon™ RX6550M / RX6550M XT, 8GB GDDR6","2 × DDR5 SO-DIMM, up to 32GB DDR5 4800MHz",Optional,"2 × M.2 2280 PCIe Gen4 NVMe SSD, up to 8TB",1 × M.2 2230 WiFi 6E + BT5.2,110W,"AMD Pluton, fTPM2.0, Optional dTPM 2.0",Support,"RZ608/RZ616, WiFi 6E Tri-band, BT5.2","RJ45, Giga LAN 10/100/1000Mbps",Bluetooth 5.2,"Windows 11 SV2 (23H2), Multi-language",Not supported,230W Power Adapter,"CE, FCC, RoHS","Hall Sensor, Modern Standby, Linux Compatible"
Gaming Notebook,v1.0,AG958V,N/A,N/A,Jerry,"v1.0
  - AG958P: v1.0
  - APX958: v1.0
  - AHP958: v1.0

[Model Information]

- Model Names:
  - AG958
  - AG958V
  - AG958P
  - APX958
  - AHP958

- Part Numbers (P/N)","15.6"" 16:9 / 16.1"" 16:9, FHD/QHD, 144Hz",Not supported,"USB 3.2/4.0, HDMI 2.1, 3.5mm Audio, DC-IN, RJ45","Power: Blue, Battery: Red/Green, Webcam: White",Separated key,Single color/4-Zone RGB/Per-key RGB,"2.0MP (1080P), MIC×2, White LED, Camera shutter","I2C, 8-pin, Multi-touch, 119×74 mm","USB, Security Level 2-3, Windows Hello","4 × Built-in speakers, 2 × Digital mic","80.08 Wh, 15.4V / 5200mAh, 4S1P","Ryzen™ 5 6600H (6C/12T, 4.5GHz/3.3GHz, TDP: 45W), Ryzen™ 7 6800H (8C/16T, 4.7GHz/3.2GHz, TDP: 45W), Ryzen™ 5 7535HS (6C/12T, 4.55GHz/3.3GHz, TDP: 35W~54W), Ryzen™ 7 7735HS (8C/16T, 4.75GHz/3.2GHz, TDP: 35W~54W), Ryzen™ 5 7640HS (6C/12T, 5.0GHz/4.3GHz, TDP: 35W~54W), Ryzen™ 7 7840HS (8C/16T, 5.1GHz/3.8GHz, TDP: 35W~54W), Ryzen™ 5 8645HS (8C/16T, 5.2GHz/4.0GHz, TDP: 35W~54W), Ryzen™ 7 8845HS (8C/16T, 5.1GHz/3.8GHz, TDP: 35W~54W)","AMD Radeon™ RX6500M, 4GB GDDR6","2 × DDR5 SO-DIMM, up to 32GB DDR5 4800MHz",Optional,"2 × M.2 2280 PCIe Gen4 NVMe SSD, up to 8TB",1 × M.2 2230 WiFi 6E + BT5.2,70W,"AMD Pluton, fTPM2.0, Optional dTPM 2.0",Support,"RZ608/RZ616, WiFi 6E Tri-band, BT5.2","RJ45, Giga LAN 10/100/1000Mbps",Bluetooth 5.2,"Windows 11 SV2 (23H2), Multi-language",Not supported,180W Power Adapter,"CE, FCC, RoHS","Hall Sensor, Modern Standby, Linux Compatible"
Gaming Notebook,v1.0,AG958P,N/A,N/A,Jerry,"v1.0
  - APX958: v1.0
  - AHP958: v1.0

[Model Information]

- Model Names:
  - AG958
  - AG958V
  - AG958P
  - APX958
  - AHP958

- Part Numbers (P/N)","15.6"" 16:9 / 16.1"" 16:9, FHD/QHD, 144Hz",Not supported,"USB 3.2/4.0, HDMI 2.1, 3.5mm Audio, DC-IN, RJ45","Power: Blue, Battery: Red/Green, Webcam: White",Separated key,Single color/4-Zone RGB/Per-key RGB,"2.0MP (1080P), MIC×2, White LED, Camera shutter","I2C, 8-pin, Multi-touch, 119×74 mm","USB, Security Level 2-3, Windows Hello","4 × Built-in speakers, 2 × Digital mic","80.08 Wh, 15.4V / 5200mAh, 4S1P","Ryzen™ 5 7535HS (6C/12T, 4.55GHz/3.3GHz, TDP: 35W~54W), Ryzen™ 7 7735HS (8C/16T, 4.75GHz/3.2GHz, TDP: 35W~54W), Ryzen™ 5 7640HS (6C/12T, 5.0GHz/4.3GHz, TDP: 35W~54W), Ryzen™ 7 7840HS (8C/16T, 5.1GHz/3.8GHz, TDP: 35W~54W), Ryzen™ 5 8645HS (8C/16T, 5.2GHz/4.0GHz, TDP: 35W~54W), Ryzen™ 7 8845HS (8C/16T, 5.1GHz/3.8GHz, TDP: 35W~54W)","AMD Radeon™ RX7600M / RX7600M XT, 8GB GDDR6","2 × DDR5 SO-DIMM, up to 32GB DDR5 4800MHz",Optional,"2 × M.2 2280 PCIe Gen4 NVMe SSD, up to 8TB",1 × M.2 2230 WiFi 6E + BT5.2,150W,"AMD Pluton, fTPM2.0, Optional dTPM 2.0",Support,"RZ608/RZ616, WiFi 6E Tri-band, BT5.2","RJ45, Giga LAN 10/100/1000Mbps",Bluetooth 5.2,"Windows 11 SV2 (23H2), Multi-language",Not supported,230W Power Adapter,"CE, FCC, RoHS","Hall Sensor, Modern Standby, Linux Compatible"
Gaming Notebook,v1.0,APX958,N/A,N/A,Jerry,"v1.0
  - AHP958: v1.0

[Model Information]

- Model Names:
  - AG958
  - AG958V
  - AG958P
  - APX958
  - AHP958

- Part Numbers (P/N)","15.6"" 16:9 / 16.1"" 16:9, FHD/QHD, 144Hz",Not supported,"USB 3.2/4.0, HDMI 2.1, 3.5mm Audio, DC-IN, RJ45","Power: Blue, Battery: Red/Green, Webcam: White",Separated key,Single color/4-Zone RGB/Per-key RGB,"2.0MP (1080P), MIC×2, White LED, Camera shutter","I2C, 8-pin, Multi-touch, 119×74 mm","USB, Security Level 2-3, Windows Hello","4 × Built-in speakers, 2 × Digital mic","80.08 Wh, 15.4V / 5200mAh, 4S1P","Ryzen™ 5 7535HS (6C/12T, 4.55GHz/3.3GHz, TDP: 35W~54W), Ryzen™ 7 7735HS (8C/16T, 4.75GHz/3.2GHz, TDP: 35W~54W), Ryzen™ 5 7640HS (6C/12T, 5.0GHz/4.3GHz, TDP: 35W~54W), Ryzen™ 7 7840HS (8C/16T, 5.1GHz/3.8GHz, TDP: 35W~54W), Ryzen™ 9 7940HS (8C/16T, 5.2GHz/4.0GHz, TDP: 35W~54W), Ryzen™ 5 8645HS (8C/16T, 5.2GHz/4.0GHz, TDP: 35W~54W), Ryzen™ 7 8845HS (8C/16T, 5.1GHz/3.8GHz, TDP: 35W~54W), Ryzen™ 9 8945HS (8C/16T, 5.0GHz/3.5GHz, TDP: 35W~54W)","AMD Radeon™ RX7600M / RX7600M XT, 8GB GDDR6","2 × DDR5 SO-DIMM, up to 32GB DDR5 5600MHz",Optional,"2 × M.2 2280 PCIe Gen4 NVMe SSD, up to 8TB",1 × M.2 2230 WiFi 6E + BT5.2,150W,"AMD Pluton, fTPM2.0, Optional dTPM 2.0",Support,"RZ608/RZ616, WiFi 6E Tri-band, BT5.2","RJ45, Giga LAN 10/100/1000Mbps",Bluetooth 5.2,"Windows 11 SV2 (23H2), Multi-language","Microsoft MEP, Windows Copilot, AI Software",230W Power Adapter,"CE, FCC, RoHS","Hall Sensor, Modern Standby, Linux Compatible"
Gaming Notebook,v1.0,AHP958,N/A,N/A,Jerry,"v1.0

[Model Information]

- Model Names:
  - AG958
  - AG958V
  - AG958P
  - APX958
  - AHP958

- Part Numbers (P/N)","15.6"" 16:9 / 16.1"" 16:9, FHD/QHD, 144Hz",Not supported,"USB 3.2/4.0, HDMI 2.1, 3.5mm Audio, DC-IN, RJ45","Power: Blue, Battery: Red/Green, Webcam: White",Separated key,Single color/4-Zone RGB/Per-key RGB,"2.0MP (1080P), MIC×2, White LED, Camera shutter","I2C, 8-pin, Multi-touch, 119×74 mm","USB, Security Level 2-3, Windows Hello","4 × Built-in speakers, 2 × Digital mic","80.08 Wh, 15.4V / 5200mAh, 4S1P","Ryzen™ 5 7535HS (6C/12T, 4.55GHz/3.3GHz, TDP: 35W~54W), Ryzen™ 7 7735HS (8C/16T, 4.75GHz/3.2GHz, TDP: 35W~54W), Ryzen™ 5 7640HS (6C/12T, 5.0GHz/4.3GHz, TDP: 35W~54W), Ryzen™ 7 7840HS (8C/16T, 5.1GHz/3.8GHz, TDP: 35W~54W), Ryzen™ 9 7940HS (8C/16T, 5.2GHz/4.0GHz, TDP: 35W~54W), Ryzen™ 5 8645HS (8C/16T, 5.2GHz/4.0GHz, TDP: 35W~54W), Ryzen™ 7 8845HS (8C/16T, 5.1GHz/3.8GHz, TDP: 35W~54W), Ryzen™ 9 8945HS (8C/16T, 5.0GHz/3.5GHz, TDP: 35W~54W)","AMD Radeon™ RX7600M / RX7600M XT, 8GB GDDR6","2 × DDR5 SO-DIMM, up to 32GB DDR5 5600MHz",Optional,"2 × M.2 2280 PCIe Gen4 NVMe SSD, up to 8TB",1 × M.2 2230 WiFi 6E + BT5.2,150W,"AMD Pluton, fTPM2.0, Optional dTPM 2.0",Support,"RZ608/RZ616, WiFi 6E Tri-band, BT5.2","RJ45, Giga LAN 10/100/1000Mbps",Bluetooth 5.2,"Windows 11 SV2 (23H2), Multi-language","Microsoft MEP, Windows Copilot, AI Software",230W Power Adapter,"CE, FCC, RoHS","Hall Sensor, Modern Standby, Linux Compatible"
